problem,seed,evolved,kind,name,instance,value,gap,seconds,error
tsp,cheapest_insertion_605f,cheapest_insertion_7a30,seed,cheapest_insertion_605f,kroA100.tsp,25379.0,19.251010243398177,0.23236966133117676,
tsp,cheapest_insertion_605f,cheapest_insertion_7a30,seed,cheapest_insertion_605f,kroA150.tsp,30839.0,16.268285326496756,0.5165812969207764,
tsp,cheapest_insertion_605f,cheapest_insertion_7a30,seed,cheapest_insertion_605f,kroB100.tsp,25668.0,15.929723138069646,0.19961190223693848,
tsp,cheapest_insertion_605f,cheapest_insertion_7a30,seed,cheapest_insertion_605f,kroB200.tsp,36000.0,22.29507082922852,1.2008676528930664,
tsp,cheapest_insertion_605f,cheapest_insertion_7a30,seed,cheapest_insertion_605f,kroC100.tsp,26768.0,29.008626921779364,0.18768620491027832,
tsp,cheapest_insertion_605f,cheapest_insertion_7a30,seed,cheapest_insertion_605f,bier127.tsp,144154.0,21.873150606178456,0.388746976852417,
tsp,cheapest_insertion_605f,cheapest_insertion_7a30,seed,cheapest_insertion_605f,tsp225.tsp,4629.0,18.11686654758867,1.5792291164398193,
tsp,cheapest_insertion_605f,cheapest_insertion_7a30,seed,cheapest_insertion_605f,a280.tsp,3194.0,23.84645211322218,2.9855897426605225,
tsp,cheapest_insertion_605f,cheapest_insertion_7a30,seed,cheapest_insertion_605f,pcb442.tsp,62121.0,22.31432621879184,11.664479732513428,
tsp,cheapest_insertion_605f,cheapest_insertion_7a30,seed,cheapest_insertion_605f,gr666.tsp,346447.0,17.69579899306287,44.47167348861694,
tsp,cheapest_insertion_605f,cheapest_insertion_7a30,seed,cheapest_insertion_605f,pr1002.tsp,309709.0,19.55799185469706,138.65223717689514,
tsp,cheapest_insertion_605f,cheapest_insertion_7a30,seed,cheapest_insertion_605f,pr2392.tsp,460067.0,21.70054386930207,2144.135232925415,
tsp,cheapest_insertion_605f,cheapest_insertion_7a30,evolved,cheapest_insertion_7a30,kroA100.tsp,22593.0,6.16013532562729,0.2549409866333008,
tsp,cheapest_insertion_605f,cheapest_insertion_7a30,evolved,cheapest_insertion_7a30,kroA150.tsp,28705.0,8.22274166792339,0.7219891548156738,
tsp,cheapest_insertion_605f,cheapest_insertion_7a30,evolved,cheapest_insertion_7a30,kroB100.tsp,24546.0,10.862201345919335,0.22688007354736328,
tsp,cheapest_insertion_605f,cheapest_insertion_7a30,evolved,cheapest_insertion_7a30,kroB200.tsp,32913.0,11.808268505622175,1.3741083145141602,
tsp,cheapest_insertion_605f,cheapest_insertion_7a30,evolved,cheapest_insertion_7a30,kroC100.tsp,22988.0,10.790881488264494,0.2701594829559326,
tsp,cheapest_insertion_605f,cheapest_insertion_7a30,evolved,cheapest_insertion_7a30,bier127.tsp,128398.0,8.552442468000203,0.4813547134399414,
tsp,cheapest_insertion_605f,cheapest_insertion_7a30,evolved,cheapest_insertion_7a30,tsp225.tsp,4212.0,7.47639704006124,1.856013298034668,
tsp,cheapest_insertion_605f,cheapest_insertion_7a30,evolved,cheapest_insertion_7a30,a280.tsp,2838.0,10.042652190771618,4.409176826477051,
tsp,cheapest_insertion_605f,cheapest_insertion_7a30,evolved,cheapest_insertion_7a30,pcb442.tsp,56279.0,10.811609041505868,16.969808340072632,
tsp,cheapest_insertion_605f,cheapest_insertion_7a30,evolved,cheapest_insertion_7a30,gr666.tsp,322062.0,9.411668784269494,63.49765586853027,
tsp,cheapest_insertion_605f,cheapest_insertion_7a30,evolved,cheapest_insertion_7a30,pr1002.tsp,287735.0,11.07529579802737,202.76124095916748,
tsp,cheapest_insertion_605f,cheapest_insertion_7a30,evolved,cheapest_insertion_7a30,pr2392.tsp,434814.0,15.02042155161468,1567.0209548473358,
tsp,farthest_insertion_b6d3,farthest_insertion_54db,seed,farthest_insertion_b6d3,kroA100.tsp,24783.0,16.45052156752185,0.12384319305419922,
tsp,farthest_insertion_b6d3,farthest_insertion_54db,seed,farthest_insertion_b6d3,kroA150.tsp,30248.0,14.040114613180515,0.32719922065734863,
tsp,farthest_insertion_b6d3,farthest_insertion_54db,seed,farthest_insertion_b6d3,kroB100.tsp,24567.0,10.9570480104783,0.12008428573608398,
tsp,farthest_insertion_b6d3,farthest_insertion_54db,seed,farthest_insertion_b6d3,kroB200.tsp,34655.0,17.725991099636513,0.6964914798736572,
tsp,farthest_insertion_b6d3,farthest_insertion_54db,seed,farthest_insertion_b6d3,kroC100.tsp,21782.0,4.978553183285942,0.11936712265014648,
tsp,farthest_insertion_b6d3,farthest_insertion_54db,seed,farthest_insertion_b6d3,bier127.tsp,133526.0,12.887844304289747,0.21951770782470703,
tsp,farthest_insertion_b6d3,farthest_insertion_54db,seed,farthest_insertion_b6d3,tsp225.tsp,4487.0,14.493493238070936,0.9589345455169678,
tsp,farthest_insertion_b6d3,farthest_insertion_54db,seed,farthest_insertion_b6d3,a280.tsp,2916.0,13.067080263668087,1.6731226444244385,
tsp,farthest_insertion_b6d3,farthest_insertion_54db,seed,farthest_insertion_b6d3,pcb442.tsp,60367.0,18.86075450893912,5.963224411010742,
tsp,farthest_insertion_b6d3,farthest_insertion_54db,seed,farthest_insertion_b6d3,gr666.tsp,350834.0,19.186161069174272,20.669047594070435,
tsp,farthest_insertion_b6d3,farthest_insertion_54db,seed,farthest_insertion_b6d3,pr1002.tsp,323839.0,25.012642591055606,64.98277449607849,
tsp,farthest_insertion_b6d3,farthest_insertion_54db,seed,farthest_insertion_b6d3,pr2392.tsp,486977.0,28.8189888686672,851.5696592330933,
tsp,farthest_insertion_b6d3,farthest_insertion_54db,evolved,farthest_insertion_54db,kroA100.tsp,23223.0,9.120383422610658,1.768977165222168,
tsp,farthest_insertion_b6d3,farthest_insertion_54db,evolved,farthest_insertion_54db,kroA150.tsp,28737.0,8.343387121097875,0.5776352882385254,
tsp,farthest_insertion_b6d3,farthest_insertion_54db,evolved,farthest_insertion_54db,kroB100.tsp,23827.0,7.614832211733888,0.21687650680541992,
tsp,farthest_insertion_b6d3,farthest_insertion_54db,evolved,farthest_insertion_54db,kroB200.tsp,31911.0,8.40438903420865,1.4168329238891602,
tsp,farthest_insertion_b6d3,farthest_insertion_54db,evolved,farthest_insertion_54db,kroC100.tsp,22438.0,8.140151332594343,0.21100735664367676,
tsp,farthest_insertion_b6d3,farthest_insertion_54db,evolved,farthest_insertion_54db,bier127.tsp,124748.0,5.4665967771934865,0.42791247367858887,
tsp,farthest_insertion_b6d3,farthest_insertion_54db,evolved,farthest_insertion_54db,tsp225.tsp,4210.0,7.425363613166624,2.079174757003784,
tsp,farthest_insertion_b6d3,farthest_insertion_54db,evolved,farthest_insertion_54db,a280.tsp,2788.0,8.103916246607213,3.9171173572540283,
tsp,farthest_insertion_b6d3,farthest_insertion_54db,evolved,farthest_insertion_54db,pcb442.tsp,54968.0,8.230290619831457,13.901392936706543,
tsp,farthest_insertion_b6d3,farthest_insertion_54db,evolved,farthest_insertion_54db,gr666.tsp,338455.0,14.980737741117958,48.036203145980835,
tsp,farthest_insertion_b6d3,farthest_insertion_54db,evolved,farthest_insertion_54db,pr1002.tsp,287947.0,11.157134860738482,157.07375645637512,
tsp,farthest_insertion_b6d3,farthest_insertion_54db,evolved,farthest_insertion_54db,pr2392.tsp,422412.0,11.739746899733355,2218.7034866809845,
tsp,nearest_neighbor_f91d,nearest_neighbor_e8a4,seed,nearest_neighbor_f91d,kroA100.tsp,27807.0,30.659712433042007,0.09134697914123535,
tsp,nearest_neighbor_f91d,nearest_neighbor_e8a4,seed,nearest_neighbor_f91d,kroA150.tsp,33633.0,26.802141456793848,0.21314024925231934,
tsp,nearest_neighbor_f91d,nearest_neighbor_e8a4,seed,nearest_neighbor_f91d,kroB100.tsp,29158.0,31.692335486202065,0.0952906608581543,
tsp,nearest_neighbor_f91d,nearest_neighbor_e8a4,seed,nearest_neighbor_f91d,kroB200.tsp,36980.0,25.62421442402419,0.4333627223968506,
tsp,nearest_neighbor_f91d,nearest_neighbor_e8a4,seed,nearest_neighbor_f91d,kroC100.tsp,26227.0,26.40127235047472,0.1167302131652832,
tsp,nearest_neighbor_f91d,nearest_neighbor_e8a4,seed,nearest_neighbor_f91d,bier127.tsp,135737.0,14.757105899460612,0.1464216709136963,
tsp,nearest_neighbor_f91d,nearest_neighbor_e8a4,seed,nearest_neighbor_f91d,tsp225.tsp,5030.0,28.349068639959174,0.5338084697723389,
tsp,nearest_neighbor_f91d,nearest_neighbor_e8a4,seed,nearest_neighbor_f91d,a280.tsp,3157.0,22.411787514540517,2.343101739883423,
tsp,nearest_neighbor_f91d,nearest_neighbor_e8a4,seed,nearest_neighbor_f91d,pcb442.tsp,61979.0,22.034732614003307,3.073139190673828,
tsp,nearest_neighbor_f91d,nearest_neighbor_e8a4,seed,nearest_neighbor_f91d,gr666.tsp,366962.0,24.66520359562166,10.66528606414795,
tsp,nearest_neighbor_f91d,nearest_neighbor_e8a4,seed,nearest_neighbor_f91d,pr1002.tsp,331103.0,27.816788588855218,32.87298130989075,
tsp,nearest_neighbor_f91d,nearest_neighbor_e8a4,seed,nearest_neighbor_f91d,pr2392.tsp,461170.0,21.992318110636138,426.82364320755005,
tsp,nearest_neighbor_f91d,nearest_neighbor_e8a4,evolved,nearest_neighbor_e8a4,kroA100.tsp,22239.0,4.496757823512828,0.3093845844268799,
tsp,nearest_neighbor_f91d,nearest_neighbor_e8a4,evolved,nearest_neighbor_e8a4,kroA150.tsp,28387.0,7.02382747700196,0.734919548034668,
tsp,nearest_neighbor_f91d,nearest_neighbor_e8a4,evolved,nearest_neighbor_e8a4,kroB100.tsp,24492.0,10.618309922767716,0.2311713695526123,
tsp,nearest_neighbor_f91d,nearest_neighbor_e8a4,evolved,nearest_neighbor_e8a4,kroB200.tsp,32162.0,9.257057444712437,1.47157883644104,
tsp,nearest_neighbor_f91d,nearest_neighbor_e8a4,evolved,nearest_neighbor_e8a4,kroC100.tsp,22718.0,9.489613957299147,0.2884492874145508,
tsp,nearest_neighbor_f91d,nearest_neighbor_e8a4,evolved,nearest_neighbor_e8a4,bier127.tsp,130351.0,10.203581271875686,0.592904806137085,
tsp,nearest_neighbor_f91d,nearest_neighbor_e8a4,evolved,nearest_neighbor_e8a4,tsp225.tsp,4121.0,5.154376116356214,1.9913630485534668,
tsp,nearest_neighbor_f91d,nearest_neighbor_e8a4,evolved,nearest_neighbor_e8a4,a280.tsp,2789.0,8.1426909654905,3.6526033878326416,
tsp,nearest_neighbor_f91d,nearest_neighbor_e8a4,evolved,nearest_neighbor_e8a4,pcb442.tsp,57351.0,12.92234386075451,13.215274810791016,
tsp,nearest_neighbor_f91d,nearest_neighbor_e8a4,evolved,nearest_neighbor_e8a4,gr666.tsp,331536.0,12.630198601702688,67.79750227928162,
tsp,nearest_neighbor_f91d,nearest_neighbor_e8a4,evolved,nearest_neighbor_e8a4,pr1002.tsp,286686.0,10.670346850933235,159.25074791908264,
tsp,nearest_neighbor_f91d,nearest_neighbor_e8a4,evolved,nearest_neighbor_e8a4,pr2392.tsp,425958.0,12.677762729081135,2087.2681448459625,
cvrp,min_cost_insertion_048f,min_cost_insertion_3b2b,seed,min_cost_insertion_048f,A-n80-k10.vrp,2164.7767313364425,22.85906534259038,0.0693197250366211,
cvrp,min_cost_insertion_048f,min_cost_insertion_3b2b,seed,min_cost_insertion_048f,B-n78-k10.vrp,1871.6522877747984,53.28847565723165,0.07719063758850098,
cvrp,min_cost_insertion_048f,min_cost_insertion_3b2b,seed,min_cost_insertion_048f,E-n101-k14.vrp,1416.035103033964,32.711818466163464,0.13443589210510254,
cvrp,min_cost_insertion_048f,min_cost_insertion_3b2b,seed,min_cost_insertion_048f,F-n135-k7.vrp,1585.1752937368763,36.41783939215802,0.2328493595123291,
cvrp,min_cost_insertion_048f,min_cost_insertion_3b2b,seed,min_cost_insertion_048f,M-n200-k17.vrp,1742.8740944049796,36.69600740431213,0.524683952331543,
cvrp,min_cost_insertion_048f,min_cost_insertion_3b2b,seed,min_cost_insertion_048f,P-n101-k4.vrp,966.0205984398091,41.853244998503534,0.1239776611328125,
cvrp,min_cost_insertion_048f,min_cost_insertion_3b2b,evolved,min_cost_insertion_3b2b,A-n80-k10.vrp,2135.978542450889,21.224661887110617,0.3300197124481201,
cvrp,min_cost_insertion_048f,min_cost_insertion_3b2b,evolved,min_cost_insertion_3b2b,B-n78-k10.vrp,1489.885658207613,22.021757428960935,0.3550682067871094,
cvrp,min_cost_insertion_048f,min_cost_insertion_3b2b,evolved,min_cost_insertion_3b2b,E-n101-k14.vrp,1397.3384384263252,30.959553741923635,0.6437544822692871,
cvrp,min_cost_insertion_048f,min_cost_insertion_3b2b,evolved,min_cost_insertion_3b2b,F-n135-k7.vrp,1632.80616100574,40.51688132579518,2.963848114013672,
cvrp,min_cost_insertion_048f,min_cost_insertion_3b2b,evolved,min_cost_insertion_3b2b,M-n200-k17.vrp,1647.4194436009725,29.20936812556647,3.760613441467285,
cvrp,min_cost_insertion_048f,min_cost_insertion_3b2b,evolved,min_cost_insertion_3b2b,P-n101-k4.vrp,826.3927173654715,21.349885075693322,0.6488246917724609,
cvrp,farthest_insertion_4e1d,farthest_insertion_6308,seed,farthest_insertion_4e1d,A-n80-k10.vrp,2289.7291513288214,29.950576125358765,0.04148125648498535,
cvrp,farthest_insertion_4e1d,farthest_insertion_6308,seed,farthest_insertion_4e1d,B-n78-k10.vrp,1646.6463520695506,34.860471094967295,0.04406905174255371,
cvrp,farthest_insertion_4e1d,farthest_insertion_6308,seed,farthest_insertion_4e1d,E-n101-k14.vrp,1972.1757899194433,84.83371976752046,0.06292605400085449,
cvrp,farthest_insertion_4e1d,farthest_insertion_6308,seed,farthest_insertion_4e1d,F-n135-k7.vrp,1419.452011426798,22.155939021239067,0.09260892868041992,
cvrp,farthest_insertion_4e1d,farthest_insertion_6308,seed,farthest_insertion_4e1d,M-n200-k17.vrp,2609.6085206359244,104.6751780890921,0.23593878746032715,
cvrp,farthest_insertion_4e1d,farthest_insertion_6308,seed,farthest_insertion_4e1d,P-n101-k4.vrp,895.6289190014099,31.51672819403964,0.05816197395324707,
cvrp,farthest_insertion_4e1d,farthest_insertion_6308,evolved,farthest_insertion_6308,A-n80-k10.vrp,2254.091389964848,27.928001700615667,0.4023723602294922,
cvrp,farthest_insertion_4e1d,farthest_insertion_6308,evolved,farthest_insertion_6308,B-n78-k10.vrp,1852.5804961118731,51.72649435805676,0.49227404594421387,
cvrp,farthest_insertion_4e1d,farthest_insertion_6308,evolved,farthest_insertion_6308,E-n101-k14.vrp,1281.8365550914282,20.134634966394394,0.8714861869812012,
cvrp,farthest_insertion_4e1d,farthest_insertion_6308,evolved,farthest_insertion_6308,F-n135-k7.vrp,1585.792826152587,36.47098331777857,4.7624351978302,
cvrp,farthest_insertion_4e1d,farthest_insertion_6308,evolved,farthest_insertion_6308,M-n200-k17.vrp,1779.1349695651936,39.53999761295636,5.804431915283203,
cvrp,farthest_insertion_4e1d,farthest_insertion_6308,evolved,farthest_insertion_6308,P-n101-k4.vrp,909.9270784790383,33.61631108355922,0.8941776752471924,
cvrp,nearest_neighbor_99ba,nearest_neighbor_54a9,seed,nearest_neighbor_99ba,A-n80-k10.vrp,2255.461886842152,28.00578245415165,0.052265167236328125,
cvrp,nearest_neighbor_99ba,nearest_neighbor_54a9,seed,nearest_neighbor_99ba,B-n78-k10.vrp,1755.0276411113657,43.736907543928396,0.05072188377380371,
cvrp,nearest_neighbor_99ba,nearest_neighbor_54a9,seed,nearest_neighbor_99ba,E-n101-k14.vrp,1610.9068413856273,50.975336587219054,0.07327055931091309,
cvrp,nearest_neighbor_99ba,nearest_neighbor_54a9,seed,nearest_neighbor_99ba,F-n135-k7.vrp,1784.3362143592603,53.557333421623085,0.11018061637878418,
cvrp,nearest_neighbor_99ba,nearest_neighbor_54a9,seed,nearest_neighbor_99ba,M-n200-k17.vrp,2034.3965714246406,59.56051540585416,0.25623655319213867,
cvrp,nearest_neighbor_99ba,nearest_neighbor_54a9,seed,nearest_neighbor_99ba,P-n101-k4.vrp,995.7973443035299,46.22574806219236,0.0959327220916748,
cvrp,nearest_neighbor_99ba,nearest_neighbor_54a9,evolved,nearest_neighbor_54a9,A-n80-k10.vrp,2164.7767313364425,22.85906534259038,0.08347535133361816,
cvrp,nearest_neighbor_99ba,nearest_neighbor_54a9,evolved,nearest_neighbor_54a9,B-n78-k10.vrp,1871.6522877747984,53.28847565723165,0.08745384216308594,
cvrp,nearest_neighbor_99ba,nearest_neighbor_54a9,evolved,nearest_neighbor_54a9,E-n101-k14.vrp,1416.035103033964,32.711818466163464,0.15163683891296387,
cvrp,nearest_neighbor_99ba,nearest_neighbor_54a9,evolved,nearest_neighbor_54a9,F-n135-k7.vrp,1585.1752937368763,36.41783939215802,0.28165411949157715,
cvrp,nearest_neighbor_99ba,nearest_neighbor_54a9,evolved,nearest_neighbor_54a9,M-n200-k17.vrp,1742.8740944049796,36.69600740431213,0.7409143447875977,
cvrp,nearest_neighbor_99ba,nearest_neighbor_54a9,evolved,nearest_neighbor_54a9,P-n101-k4.vrp,966.0205984398091,41.853244998503534,0.13564062118530273,
mkp,greedy_by_profit_8df3,greedy_by_profit_1597,seed,greedy_by_profit_8df3,mknapcb1_1.mkp,19350.0,20.634920634920633,0.014007568359375,
mkp,greedy_by_profit_8df3,greedy_by_profit_1597,seed,greedy_by_profit_8df3,mknapcb1_2.mkp,19887.0,18.072835132240257,0.015881776809692383,
mkp,greedy_by_profit_8df3,greedy_by_profit_1597,seed,greedy_by_profit_8df3,mknapcb1_3.mkp,18532.0,21.31119697677381,0.012928247451782227,
mkp,greedy_by_profit_8df3,greedy_by_profit_1597,seed,greedy_by_profit_8df3,mknapcb1_4.mkp,20354.0,13.512365088807682,0.012776613235473633,
mkp,greedy_by_profit_8df3,greedy_by_profit_1597,seed,greedy_by_profit_8df3,mknapcb1_5.mkp,20733.0,13.580092534700514,0.015987873077392578,
mkp,greedy_by_profit_8df3,greedy_by_profit_1597,seed,greedy_by_profit_8df3,mknapcb4_1.mkp,19805.0,14.13024627124523,0.01645064353942871,
mkp,greedy_by_profit_8df3,greedy_by_profit_1597,seed,greedy_by_profit_8df3,mknapcb4_2.mkp,17352.0,23.898074645848865,0.0136566162109375,
mkp,greedy_by_profit_8df3,greedy_by_profit_1597,seed,greedy_by_profit_8df3,mknapcb4_3.mkp,17288.0,21.88333107405901,0.012863874435424805,
mkp,greedy_by_profit_8df3,greedy_by_profit_1597,seed,greedy_by_profit_8df3,mknapcb4_4.mkp,20573.0,9.656595819427368,0.014440774917602539,
mkp,greedy_by_profit_8df3,greedy_by_profit_1597,seed,greedy_by_profit_8df3,mknapcb4_5.mkp,20145.0,10.748305347569891,0.01398777961730957,
mkp,greedy_by_profit_8df3,greedy_by_profit_1597,evolved,greedy_by_profit_1597,mknapcb1_1.mkp,23554.0,3.3919855625281983,0.7007172107696533,
mkp,greedy_by_profit_8df3,greedy_by_profit_1597,evolved,greedy_by_profit_1597,mknapcb1_2.mkp,23442.0,3.4275356348356265,0.6577465534210205,
mkp,greedy_by_profit_8df3,greedy_by_profit_1597,evolved,greedy_by_profit_1597,mknapcb1_3.mkp,22538.0,4.301303553989215,0.6430807113647461,
mkp,greedy_by_profit_8df3,greedy_by_profit_1597,evolved,greedy_by_profit_1597,mknapcb1_4.mkp,22077.0,6.191042746664401,0.691861629486084,
mkp,greedy_by_profit_8df3,greedy_by_profit_1597,evolved,greedy_by_profit_1597,mknapcb1_5.mkp,22834.0,4.82264182401734,0.7030801773071289,
mkp,greedy_by_profit_8df3,greedy_by_profit_1597,evolved,greedy_by_profit_1597,mknapcb4_1.mkp,21630.0,6.21748178980229,0.8441977500915527,
mkp,greedy_by_profit_8df3,greedy_by_profit_1597,evolved,greedy_by_profit_1597,mknapcb4_2.mkp,21737.0,4.6664619972808214,0.9050700664520264,
mkp,greedy_by_profit_8df3,greedy_by_profit_1597,evolved,greedy_by_profit_1597,mknapcb4_3.mkp,20803.0,6.000632596809904,0.9305963516235352,
mkp,greedy_by_profit_8df3,greedy_by_profit_1597,evolved,greedy_by_profit_1597,mknapcb4_4.mkp,21047.0,7.575092218513965,0.7682812213897705,
mkp,greedy_by_profit_8df3,greedy_by_profit_1597,evolved,greedy_by_profit_1597,mknapcb4_5.mkp,21757.0,3.606397589827655,0.9040634632110596,
mkp,greedy_by_weight_ece2,greedy_by_weight_e7f9,seed,greedy_by_weight_ece2,mknapcb1_1.mkp,17741.0,27.234321807965216,0.015176534652709961,
mkp,greedy_by_weight_ece2,greedy_by_weight_e7f9,seed,greedy_by_weight_ece2,mknapcb1_2.mkp,16156.0,33.44319024470627,0.014707088470458984,
mkp,greedy_by_weight_ece2,greedy_by_weight_e7f9,seed,greedy_by_weight_ece2,mknapcb1_3.mkp,15397.0,34.62273364188357,0.014721870422363281,
mkp,greedy_by_weight_ece2,greedy_by_weight_e7f9,seed,greedy_by_weight_ece2,mknapcb1_4.mkp,16768.0,28.749893770714714,0.014591455459594727,
mkp,greedy_by_weight_ece2,greedy_by_weight_e7f9,seed,greedy_by_weight_ece2,mknapcb1_5.mkp,17276.0,27.989662790213,0.015485286712646484,
mkp,greedy_by_weight_ece2,greedy_by_weight_e7f9,seed,greedy_by_weight_ece2,mknapcb4_1.mkp,16142.0,30.012140131807147,0.014653682708740234,
mkp,greedy_by_weight_ece2,greedy_by_weight_e7f9,seed,greedy_by_weight_ece2,mknapcb4_2.mkp,15728.0,31.020569273277488,0.014285802841186523,
mkp,greedy_by_weight_ece2,greedy_by_weight_e7f9,seed,greedy_by_weight_ece2,mknapcb4_3.mkp,16322.0,26.248249062401158,0.014181137084960938,
mkp,greedy_by_weight_ece2,greedy_by_weight_e7f9,seed,greedy_by_weight_ece2,mknapcb4_4.mkp,16886.0,25.847532056911998,0.01437520980834961,
mkp,greedy_by_weight_ece2,greedy_by_weight_e7f9,seed,greedy_by_weight_ece2,mknapcb4_5.mkp,15577.0,30.986664303752605,0.01461029052734375,
mkp,greedy_by_weight_ece2,greedy_by_weight_e7f9,evolved,greedy_by_weight_e7f9,mknapcb1_1.mkp,22502.0,7.706820885115459,0.02231574058532715,
mkp,greedy_by_weight_ece2,greedy_by_weight_e7f9,evolved,greedy_by_weight_e7f9,mknapcb1_2.mkp,23159.0,4.593392106780918,0.021364688873291016,
mkp,greedy_by_weight_ece2,greedy_by_weight_e7f9,evolved,greedy_by_weight_e7f9,mknapcb1_3.mkp,22584.0,4.105982760816951,0.019296884536743164,
mkp,greedy_by_weight_ece2,greedy_by_weight_e7f9,evolved,greedy_by_weight_e7f9,mknapcb1_4.mkp,19627.0,16.601512705022518,0.016891956329345703,
mkp,greedy_by_weight_ece2,greedy_by_weight_e7f9,evolved,greedy_by_weight_e7f9,mknapcb1_5.mkp,22026.0,8.190571464299111,0.020321369171142578,
mkp,greedy_by_weight_ece2,greedy_by_weight_e7f9,evolved,greedy_by_weight_e7f9,mknapcb4_1.mkp,21549.0,6.568678459937565,0.02997756004333496,
mkp,greedy_by_weight_ece2,greedy_by_weight_e7f9,evolved,greedy_by_weight_e7f9,mknapcb4_2.mkp,21406.0,6.118152712600325,0.025944948196411133,
mkp,greedy_by_weight_ece2,greedy_by_weight_e7f9,evolved,greedy_by_weight_e7f9,mknapcb4_3.mkp,19942.0,9.891102977723556,0.021717071533203125,
mkp,greedy_by_weight_ece2,greedy_by_weight_e7f9,evolved,greedy_by_weight_e7f9,mknapcb4_4.mkp,20732.0,8.958369927981732,0.02010798454284668,
mkp,greedy_by_weight_ece2,greedy_by_weight_e7f9,evolved,greedy_by_weight_e7f9,mknapcb4_5.mkp,20867.0,7.549510433742412,0.025430917739868164,
mkp,greedy_by_density_9e8d,greedy_by_density_bb0a,seed,greedy_by_density_9e8d,mknapcb1_1.mkp,22502.0,7.706820885115459,0.023392200469970703,
mkp,greedy_by_density_9e8d,greedy_by_density_bb0a,seed,greedy_by_density_9e8d,mknapcb1_2.mkp,23159.0,4.593392106780918,0.021900653839111328,
mkp,greedy_by_density_9e8d,greedy_by_density_bb0a,seed,greedy_by_density_9e8d,mknapcb1_3.mkp,22584.0,4.105982760816951,0.023179292678833008,
mkp,greedy_by_density_9e8d,greedy_by_density_bb0a,seed,greedy_by_density_9e8d,mknapcb1_4.mkp,19627.0,16.601512705022518,0.02101588249206543,
mkp,greedy_by_density_9e8d,greedy_by_density_bb0a,seed,greedy_by_density_9e8d,mknapcb1_5.mkp,22026.0,8.190571464299111,0.026630640029907227,
mkp,greedy_by_density_9e8d,greedy_by_density_bb0a,seed,greedy_by_density_9e8d,mknapcb4_1.mkp,21549.0,6.568678459937565,0.038543701171875,
mkp,greedy_by_density_9e8d,greedy_by_density_bb0a,seed,greedy_by_density_9e8d,mknapcb4_2.mkp,21406.0,6.118152712600325,0.03275299072265625,
mkp,greedy_by_density_9e8d,greedy_by_density_bb0a,seed,greedy_by_density_9e8d,mknapcb4_3.mkp,19942.0,9.891102977723556,0.03389477729797363,
mkp,greedy_by_density_9e8d,greedy_by_density_bb0a,seed,greedy_by_density_9e8d,mknapcb4_4.mkp,20732.0,8.958369927981732,0.03398776054382324,
mkp,greedy_by_density_9e8d,greedy_by_density_bb0a,seed,greedy_by_density_9e8d,mknapcb4_5.mkp,20867.0,7.549510433742412,0.02784252166748047,
mkp,greedy_by_density_9e8d,greedy_by_density_bb0a,evolved,greedy_by_density_bb0a,mknapcb1_1.mkp,23393.0,4.052335835281571,0.07092952728271484,
mkp,greedy_by_density_9e8d,greedy_by_density_bb0a,evolved,greedy_by_density_bb0a,mknapcb1_2.mkp,24030.0,1.0051907390623713,0.08142614364624023,
mkp,greedy_by_density_9e8d,greedy_by_density_bb0a,evolved,greedy_by_density_bb0a,mknapcb1_3.mkp,23320.0,0.9808500700607193,0.10560941696166992,
mkp,greedy_by_density_9e8d,greedy_by_density_bb0a,evolved,greedy_by_density_bb0a,mknapcb1_4.mkp,22659.0,3.7180249851279,0.07580208778381348,
mkp,greedy_by_density_9e8d,greedy_by_density_bb0a,evolved,greedy_by_density_bb0a,mknapcb1_5.mkp,23328.0,2.763536326122296,0.08842778205871582,
mkp,greedy_by_density_9e8d,greedy_by_density_bb0a,evolved,greedy_by_density_bb0a,mknapcb4_1.mkp,22549.0,2.2329171002428025,0.08471894264221191,
mkp,greedy_by_density_9e8d,greedy_by_density_bb0a,evolved,greedy_by_density_bb0a,mknapcb4_2.mkp,21802.0,4.381386781281522,0.07940173149108887,
mkp,greedy_by_density_9e8d,greedy_by_density_bb0a,evolved,greedy_by_density_bb0a,mknapcb4_3.mkp,21582.0,2.480683204554697,0.07619905471801758,
mkp,greedy_by_density_9e8d,greedy_by_density_bb0a,evolved,greedy_by_density_bb0a,mknapcb4_4.mkp,22077.0,3.051993676444757,0.0843498706817627,
mkp,greedy_by_density_9e8d,greedy_by_density_bb0a,evolved,greedy_by_density_bb0a,mknapcb4_5.mkp,22069.0,2.2240928625227063,0.07318258285522461,
jssp,most_work_remaining_930e,most_work_remaining_df20,seed,most_work_remaining_930e,LA01.jssp,880.0,32.13213213213213,0.02115941047668457,
jssp,most_work_remaining_930e,most_work_remaining_df20,seed,most_work_remaining_930e,LA02.jssp,982.0,49.92366412213741,0.016982316970825195,
jssp,most_work_remaining_930e,most_work_remaining_df20,seed,most_work_remaining_930e,LA03.jssp,797.0,33.50083752093803,0.01726078987121582,
jssp,most_work_remaining_930e,most_work_remaining_df20,seed,most_work_remaining_930e,LA04.jssp,1000.0,69.49152542372882,0.02063727378845215,
jssp,most_work_remaining_930e,most_work_remaining_df20,seed,most_work_remaining_930e,LA05.jssp,666.0,12.310286677908937,0.01724553108215332,
jssp,most_work_remaining_930e,most_work_remaining_df20,seed,most_work_remaining_930e,LA06.jssp,1151.0,24.29805615550756,0.026972055435180664,
jssp,most_work_remaining_930e,most_work_remaining_df20,seed,most_work_remaining_930e,LA07.jssp,1108.0,24.49438202247191,0.028995275497436523,
jssp,most_work_remaining_930e,most_work_remaining_df20,seed,most_work_remaining_930e,LA08.jssp,1278.0,48.08806488991888,0.02899932861328125,
jssp,most_work_remaining_930e,most_work_remaining_df20,seed,most_work_remaining_930e,LA09.jssp,1270.0,33.543638275499475,0.03140711784362793,
jssp,most_work_remaining_930e,most_work_remaining_df20,seed,most_work_remaining_930e,LA10.jssp,1224.0,27.766179540709814,0.043296098709106445,
jssp,most_work_remaining_930e,most_work_remaining_df20,seed,most_work_remaining_930e,LA11.jssp,1552.0,27.00490998363339,0.038826704025268555,
jssp,most_work_remaining_930e,most_work_remaining_df20,seed,most_work_remaining_930e,LA12.jssp,1276.0,22.810394610202117,0.04278230667114258,
jssp,most_work_remaining_930e,most_work_remaining_df20,seed,most_work_remaining_930e,LA13.jssp,1371.0,19.217391304347824,0.04646492004394531,
jssp,most_work_remaining_930e,most_work_remaining_df20,seed,most_work_remaining_930e,LA14.jssp,1362.0,5.41795665634675,0.044679880142211914,
jssp,most_work_remaining_930e,most_work_remaining_df20,seed,most_work_remaining_930e,LA15.jssp,1511.0,25.1864125932063,0.041808128356933594,
jssp,most_work_remaining_930e,most_work_remaining_df20,seed,most_work_remaining_930e,LA16.jssp,1443.0,52.6984126984127,0.04528069496154785,
jssp,most_work_remaining_930e,most_work_remaining_df20,seed,most_work_remaining_930e,LA17.jssp,1135.0,44.77040816326531,0.049562931060791016,
jssp,most_work_remaining_930e,most_work_remaining_df20,seed,most_work_remaining_930e,LA18.jssp,1130.0,33.25471698113208,0.04744076728820801,
jssp,most_work_remaining_930e,most_work_remaining_df20,seed,most_work_remaining_930e,LA19.jssp,1188.0,41.09263657957244,0.04810953140258789,
jssp,most_work_remaining_930e,most_work_remaining_df20,seed,most_work_remaining_930e,LA20.jssp,1404.0,55.654101995565405,0.04995894432067871,
jssp,most_work_remaining_930e,most_work_remaining_df20,evolved,most_work_remaining_df20,LA01.jssp,1072.0,60.96096096096096,0.3316833972930908,
jssp,most_work_remaining_930e,most_work_remaining_df20,evolved,most_work_remaining_df20,LA02.jssp,989.0,50.99236641221374,0.35060572624206543,
jssp,most_work_remaining_930e,most_work_remaining_df20,evolved,most_work_remaining_df20,LA03.jssp,799.0,33.835845896147404,0.35530757904052734,
jssp,most_work_remaining_930e,most_work_remaining_df20,evolved,most_work_remaining_df20,LA04.jssp,941.0,59.49152542372881,0.36235928535461426,
jssp,most_work_remaining_930e,most_work_remaining_df20,evolved,most_work_remaining_df20,LA05.jssp,629.0,6.070826306913997,0.32360291481018066,
jssp,most_work_remaining_930e,most_work_remaining_df20,evolved,most_work_remaining_df20,LA06.jssp,1160.0,25.26997840172786,1.264728307723999,
jssp,most_work_remaining_930e,most_work_remaining_df20,evolved,most_work_remaining_df20,LA07.jssp,1238.0,39.10112359550561,1.23260498046875,
jssp,most_work_remaining_930e,most_work_remaining_df20,evolved,most_work_remaining_df20,LA08.jssp,1113.0,28.968713789107763,1.281174659729004,
jssp,most_work_remaining_930e,most_work_remaining_df20,evolved,most_work_remaining_df20,LA09.jssp,1337.0,40.58885383806519,1.512223720550537,
jssp,most_work_remaining_930e,most_work_remaining_df20,evolved,most_work_remaining_df20,LA10.jssp,1428.0,49.06054279749478,1.292593002319336,
jssp,most_work_remaining_930e,most_work_remaining_df20,evolved,most_work_remaining_df20,LA11.jssp,1543.0,26.268412438625205,2.775960922241211,
jssp,most_work_remaining_930e,most_work_remaining_df20,evolved,most_work_remaining_df20,LA12.jssp,1280.0,23.195380173243503,2.5698745250701904,
jssp,most_work_remaining_930e,most_work_remaining_df20,evolved,most_work_remaining_df20,LA13.jssp,1573.0,36.78260869565217,2.558953046798706,
jssp,most_work_remaining_930e,most_work_remaining_df20,evolved,most_work_remaining_df20,LA14.jssp,1556.0,20.43343653250774,2.629302740097046,
jssp,most_work_remaining_930e,most_work_remaining_df20,evolved,most_work_remaining_df20,LA15.jssp,1759.0,45.733222866611435,2.488123893737793,
jssp,most_work_remaining_930e,most_work_remaining_df20,evolved,most_work_remaining_df20,LA16.jssp,1353.0,43.17460317460318,1.5223305225372314,
jssp,most_work_remaining_930e,most_work_remaining_df20,evolved,most_work_remaining_df20,LA17.jssp,1202.0,53.316326530612244,1.3696105480194092,
jssp,most_work_remaining_930e,most_work_remaining_df20,evolved,most_work_remaining_df20,LA18.jssp,1154.0,36.08490566037736,1.5383272171020508,
jssp,most_work_remaining_930e,most_work_remaining_df20,evolved,most_work_remaining_df20,LA19.jssp,1397.0,65.91448931116389,1.5210416316986084,
jssp,most_work_remaining_930e,most_work_remaining_df20,evolved,most_work_remaining_df20,LA20.jssp,1425.0,57.98226164079823,1.488732099533081,
jssp,first_come_first_served_6c4f,first_come_first_served_af26,seed,first_come_first_served_6c4f,LA01.jssp,2272.0,241.14114114114113,0.016915321350097656,
jssp,first_come_first_served_6c4f,first_come_first_served_af26,seed,first_come_first_served_6c4f,LA02.jssp,1962.0,199.54198473282443,0.01610708236694336,
jssp,first_come_first_served_6c4f,first_come_first_served_af26,seed,first_come_first_served_6c4f,LA03.jssp,1579.0,164.4891122278057,0.016400814056396484,
jssp,first_come_first_served_6c4f,first_come_first_served_af26,seed,first_come_first_served_6c4f,LA04.jssp,2195.0,272.03389830508473,0.017726898193359375,
jssp,first_come_first_served_6c4f,first_come_first_served_af26,seed,first_come_first_served_6c4f,LA05.jssp,1779.0,200.0,0.020452499389648438,
jssp,first_come_first_served_6c4f,first_come_first_served_af26,seed,first_come_first_served_6c4f,LA06.jssp,2974.0,221.16630669546439,0.02815556526184082,
jssp,first_come_first_served_6c4f,first_come_first_served_af26,seed,first_come_first_served_6c4f,LA07.jssp,2604.0,192.58426966292134,0.029493093490600586,
jssp,first_come_first_served_6c4f,first_come_first_served_af26,seed,first_come_first_served_6c4f,LA08.jssp,2948.0,241.59907300115876,0.02609419822692871,
jssp,first_come_first_served_6c4f,first_come_first_served_af26,seed,first_come_first_served_6c4f,LA09.jssp,3107.0,226.7087276550999,0.025537729263305664,
jssp,first_come_first_served_6c4f,first_come_first_served_af26,seed,first_come_first_served_6c4f,LA10.jssp,3382.0,253.02713987473905,0.02573680877685547,
jssp,first_come_first_served_6c4f,first_come_first_served_af26,seed,first_come_first_served_6c4f,LA11.jssp,3891.0,218.41243862520457,0.036757707595825195,
jssp,first_come_first_served_6c4f,first_come_first_served_af26,seed,first_come_first_served_6c4f,LA12.jssp,3452.0,232.24254090471607,0.03694629669189453,
jssp,first_come_first_served_6c4f,first_come_first_served_af26,seed,first_come_first_served_6c4f,LA13.jssp,3795.0,229.99999999999997,0.03885817527770996,
jssp,first_come_first_served_6c4f,first_come_first_served_af26,seed,first_come_first_served_6c4f,LA14.jssp,4440.0,243.65325077399382,0.036833763122558594,
jssp,first_come_first_served_6c4f,first_come_first_served_af26,seed,first_come_first_served_6c4f,LA15.jssp,3949.0,227.17481358740682,0.041114091873168945,
jssp,first_come_first_served_6c4f,first_come_first_served_af26,seed,first_come_first_served_6c4f,LA16.jssp,3898.0,312.4867724867725,0.05783200263977051,
jssp,first_come_first_served_6c4f,first_come_first_served_af26,seed,first_come_first_served_6c4f,LA17.jssp,3919.0,399.8724489795918,0.046099185943603516,
jssp,first_come_first_served_6c4f,first_come_first_served_af26,seed,first_come_first_served_6c4f,LA18.jssp,4513.0,432.1933962264151,0.041243553161621094,
jssp,first_come_first_served_6c4f,first_come_first_served_af26,seed,first_come_first_served_6c4f,LA19.jssp,4465.0,430.28503562945366,0.04308271408081055,
jssp,first_come_first_served_6c4f,first_come_first_served_af26,seed,first_come_first_served_6c4f,LA20.jssp,3905.0,332.9268292682927,0.04170370101928711,
jssp,first_come_first_served_6c4f,first_come_first_served_af26,evolved,first_come_first_served_af26,LA01.jssp,830.0,24.624624624624623,0.017331361770629883,
jssp,first_come_first_served_6c4f,first_come_first_served_af26,evolved,first_come_first_served_af26,LA02.jssp,844.0,28.854961832061072,0.0177309513092041,
jssp,first_come_first_served_6c4f,first_come_first_served_af26,evolved,first_come_first_served_af26,LA03.jssp,773.0,29.48073701842546,0.017202138900756836,
jssp,first_come_first_served_6c4f,first_come_first_served_af26,evolved,first_come_first_served_af26,LA04.jssp,839.0,42.20338983050848,0.018967866897583008,
jssp,first_come_first_served_6c4f,first_come_first_served_af26,evolved,first_come_first_served_af26,LA05.jssp,677.0,14.165261382799327,0.01734328269958496,
jssp,first_come_first_served_6c4f,first_come_first_served_af26,evolved,first_come_first_served_af26,LA06.jssp,1078.0,16.414686825053995,0.02756333351135254,
jssp,first_come_first_served_6c4f,first_come_first_served_af26,evolved,first_come_first_served_af26,LA07.jssp,1133.0,27.303370786516858,0.027959823608398438,
jssp,first_come_first_served_6c4f,first_come_first_served_af26,evolved,first_come_first_served_af26,LA08.jssp,966.0,11.935110081112398,0.029646873474121094,
jssp,first_come_first_served_6c4f,first_come_first_served_af26,evolved,first_come_first_served_af26,LA09.jssp,1193.0,25.44689800210305,0.02948164939880371,
jssp,first_come_first_served_6c4f,first_come_first_served_af26,evolved,first_come_first_served_af26,LA10.jssp,1012.0,5.6367432150313155,0.02938222885131836,
jssp,first_come_first_served_6c4f,first_come_first_served_af26,evolved,first_come_first_served_af26,LA11.jssp,1577.0,29.05073649754501,0.04762458801269531,
jssp,first_come_first_served_6c4f,first_come_first_served_af26,evolved,first_come_first_served_af26,LA12.jssp,1286.0,23.77285851780558,0.06385231018066406,
jssp,first_come_first_served_6c4f,first_come_first_served_af26,evolved,first_come_first_served_af26,LA13.jssp,1337.0,16.26086956521739,0.043953657150268555,
jssp,first_come_first_served_6c4f,first_come_first_served_af26,evolved,first_come_first_served_af26,LA14.jssp,1497.0,15.86687306501548,0.047220468521118164,
jssp,first_come_first_served_6c4f,first_come_first_served_af26,evolved,first_come_first_served_af26,LA15.jssp,1442.0,19.46975973487987,0.046521663665771484,
jssp,first_come_first_served_6c4f,first_come_first_served_af26,evolved,first_come_first_served_af26,LA16.jssp,1230.0,30.158730158730158,0.0518033504486084,
jssp,first_come_first_served_6c4f,first_come_first_served_af26,evolved,first_come_first_served_af26,LA17.jssp,894.0,14.030612244897958,0.048254966735839844,
jssp,first_come_first_served_6c4f,first_come_first_served_af26,evolved,first_come_first_served_af26,LA18.jssp,1128.0,33.0188679245283,0.04644298553466797,
jssp,first_come_first_served_6c4f,first_come_first_served_af26,evolved,first_come_first_served_af26,LA19.jssp,1046.0,24.228028503562946,0.04385876655578613,
jssp,first_come_first_served_6c4f,first_come_first_served_af26,evolved,first_come_first_served_af26,LA20.jssp,1210.0,34.146341463414636,0.04155921936035156,
jssp,shortest_processing_time_first_c374,shortest_processing_time_first_d471,seed,shortest_processing_time_first_c374,LA01.jssp,1462.0,119.51951951951952,0.0183560848236084,
jssp,shortest_processing_time_first_c374,shortest_processing_time_first_d471,seed,shortest_processing_time_first_c374,LA02.jssp,1943.0,196.6412213740458,0.018789052963256836,
jssp,shortest_processing_time_first_c374,shortest_processing_time_first_d471,seed,shortest_processing_time_first_c374,LA03.jssp,1066.0,78.55946398659967,0.0218660831451416,
jssp,shortest_processing_time_first_c374,shortest_processing_time_first_d471,seed,shortest_processing_time_first_c374,LA04.jssp,1525.0,158.47457627118644,0.02507162094116211,
jssp,shortest_processing_time_first_c374,shortest_processing_time_first_d471,seed,shortest_processing_time_first_c374,LA05.jssp,1434.0,141.8212478920742,0.024899721145629883,
jssp,shortest_processing_time_first_c374,shortest_processing_time_first_d471,seed,shortest_processing_time_first_c374,LA06.jssp,2367.0,155.61555075593952,0.028032779693603516,
jssp,shortest_processing_time_first_c374,shortest_processing_time_first_d471,seed,shortest_processing_time_first_c374,LA07.jssp,1888.0,112.13483146067415,0.02788257598876953,
jssp,shortest_processing_time_first_c374,shortest_processing_time_first_d471,seed,shortest_processing_time_first_c374,LA08.jssp,2518.0,191.7728852838934,0.029000282287597656,
jssp,shortest_processing_time_first_c374,shortest_processing_time_first_d471,seed,shortest_processing_time_first_c374,LA09.jssp,2645.0,178.12828601472134,0.0274355411529541,
jssp,shortest_processing_time_first_c374,shortest_processing_time_first_d471,seed,shortest_processing_time_first_c374,LA10.jssp,2182.0,127.76617954070981,0.028226137161254883,
jssp,shortest_processing_time_first_c374,shortest_processing_time_first_d471,seed,shortest_processing_time_first_c374,LA11.jssp,3164.0,158.9198036006547,0.04170727729797363,
jssp,shortest_processing_time_first_c374,shortest_processing_time_first_d471,seed,shortest_processing_time_first_c374,LA12.jssp,2500.0,140.61597690086623,0.03986954689025879,
jssp,shortest_processing_time_first_c374,shortest_processing_time_first_d471,seed,shortest_processing_time_first_c374,LA13.jssp,2721.0,136.6086956521739,0.04334902763366699,
jssp,shortest_processing_time_first_c374,shortest_processing_time_first_d471,seed,shortest_processing_time_first_c374,LA14.jssp,3351.0,159.36532507739938,0.04411005973815918,
jssp,shortest_processing_time_first_c374,shortest_processing_time_first_d471,seed,shortest_processing_time_first_c374,LA15.jssp,3157.0,161.5575807787904,0.04301714897155762,
jssp,shortest_processing_time_first_c374,shortest_processing_time_first_d471,seed,shortest_processing_time_first_c374,LA16.jssp,3456.0,265.7142857142857,0.04776120185852051,
jssp,shortest_processing_time_first_c374,shortest_processing_time_first_d471,seed,shortest_processing_time_first_c374,LA17.jssp,3111.0,296.8112244897959,0.04382777214050293,
jssp,shortest_processing_time_first_c374,shortest_processing_time_first_d471,seed,shortest_processing_time_first_c374,LA18.jssp,3035.0,257.9009433962264,0.04681968688964844,
jssp,shortest_processing_time_first_c374,shortest_processing_time_first_d471,seed,shortest_processing_time_first_c374,LA19.jssp,3668.0,335.6294536817102,0.05091404914855957,
jssp,shortest_processing_time_first_c374,shortest_processing_time_first_d471,seed,shortest_processing_time_first_c374,LA20.jssp,3029.0,235.8093126385809,0.0492551326751709,
jssp,shortest_processing_time_first_c374,shortest_processing_time_first_d471,evolved,shortest_processing_time_first_d471,LA01.jssp,830.0,24.624624624624623,0.01845717430114746,
jssp,shortest_processing_time_first_c374,shortest_processing_time_first_d471,evolved,shortest_processing_time_first_d471,LA02.jssp,844.0,28.854961832061072,0.01917576789855957,
jssp,shortest_processing_time_first_c374,shortest_processing_time_first_d471,evolved,shortest_processing_time_first_d471,LA03.jssp,773.0,29.48073701842546,0.017913103103637695,
jssp,shortest_processing_time_first_c374,shortest_processing_time_first_d471,evolved,shortest_processing_time_first_d471,LA04.jssp,839.0,42.20338983050848,0.020732879638671875,
jssp,shortest_processing_time_first_c374,shortest_processing_time_first_d471,evolved,shortest_processing_time_first_d471,LA05.jssp,677.0,14.165261382799327,0.026006221771240234,
jssp,shortest_processing_time_first_c374,shortest_processing_time_first_d471,evolved,shortest_processing_time_first_d471,LA06.jssp,1078.0,16.414686825053995,0.03310894966125488,
jssp,shortest_processing_time_first_c374,shortest_processing_time_first_d471,evolved,shortest_processing_time_first_d471,LA07.jssp,1133.0,27.303370786516858,0.03669857978820801,
jssp,shortest_processing_time_first_c374,shortest_processing_time_first_d471,evolved,shortest_processing_time_first_d471,LA08.jssp,966.0,11.935110081112398,0.03286933898925781,
jssp,shortest_processing_time_first_c374,shortest_processing_time_first_d471,evolved,shortest_processing_time_first_d471,LA09.jssp,1193.0,25.44689800210305,0.0326230525970459,
jssp,shortest_processing_time_first_c374,shortest_processing_time_first_d471,evolved,shortest_processing_time_first_d471,LA10.jssp,1012.0,5.6367432150313155,0.03490090370178223,
jssp,shortest_processing_time_first_c374,shortest_processing_time_first_d471,evolved,shortest_processing_time_first_d471,LA11.jssp,1577.0,29.05073649754501,0.04896807670593262,
jssp,shortest_processing_time_first_c374,shortest_processing_time_first_d471,evolved,shortest_processing_time_first_d471,LA12.jssp,1286.0,23.77285851780558,0.05167675018310547,
jssp,shortest_processing_time_first_c374,shortest_processing_time_first_d471,evolved,shortest_processing_time_first_d471,LA13.jssp,1337.0,16.26086956521739,0.04842829704284668,
jssp,shortest_processing_time_first_c374,shortest_processing_time_first_d471,evolved,shortest_processing_time_first_d471,LA14.jssp,1497.0,15.86687306501548,0.04643416404724121,
jssp,shortest_processing_time_first_c374,shortest_processing_time_first_d471,evolved,shortest_processing_time_first_d471,LA15.jssp,1442.0,19.46975973487987,0.04929018020629883,
jssp,shortest_processing_time_first_c374,shortest_processing_time_first_d471,evolved,shortest_processing_time_first_d471,LA16.jssp,1230.0,30.158730158730158,0.0431368350982666,
jssp,shortest_processing_time_first_c374,shortest_processing_time_first_d471,evolved,shortest_processing_time_first_d471,LA17.jssp,894.0,14.030612244897958,0.047945261001586914,
jssp,shortest_processing_time_first_c374,shortest_processing_time_first_d471,evolved,shortest_processing_time_first_d471,LA18.jssp,1128.0,33.0188679245283,0.04956507682800293,
jssp,shortest_processing_time_first_c374,shortest_processing_time_first_d471,evolved,shortest_processing_time_first_d471,LA19.jssp,1046.0,24.228028503562946,0.05949878692626953,
jssp,shortest_processing_time_first_c374,shortest_processing_time_first_d471,evolved,shortest_processing_time_first_d471,LA20.jssp,1210.0,34.146341463414636,0.04281759262084961,
max_cut,most_weight_neighbors_320c,most_weight_neighbors_d31b,seed,most_weight_neighbors_320c,g1.mc,11013.0,5.256366139022712,56.27207326889038,
max_cut,most_weight_neighbors_320c,most_weight_neighbors_d31b,seed,most_weight_neighbors_320c,g2.mc,11069.0,4.741824440619621,55.971399784088135,
max_cut,most_weight_neighbors_320c,most_weight_neighbors_d31b,seed,most_weight_neighbors_320c,g3.mc,11037.0,5.033557046979865,54.93586492538452,
max_cut,most_weight_neighbors_320c,most_weight_neighbors_d31b,seed,most_weight_neighbors_320c,g4.mc,10986.0,5.667181865018032,55.66489887237549,
max_cut,most_weight_neighbors_320c,most_weight_neighbors_d31b,seed,most_weight_neighbors_320c,g5.mc,11043.0,5.055455248903792,55.14428782463074,
max_cut,most_weight_neighbors_320c,most_weight_neighbors_d31b,seed,most_weight_neighbors_320c,g6.mc,1536.0,29.476584022038566,56.17303109169006,
max_cut,most_weight_neighbors_320c,most_weight_neighbors_d31b,seed,most_weight_neighbors_320c,g7.mc,1374.0,31.505483549351943,55.0492205619812,
max_cut,most_weight_neighbors_320c,most_weight_neighbors_d31b,seed,most_weight_neighbors_320c,g8.mc,1363.0,32.05383848454636,56.248141288757324,
max_cut,most_weight_neighbors_320c,most_weight_neighbors_d31b,seed,most_weight_neighbors_320c,g9.mc,1492.0,27.361246348588118,56.415390491485596,
max_cut,most_weight_neighbors_320c,most_weight_neighbors_d31b,seed,most_weight_neighbors_320c,g10.mc,1477.0,26.150000000000002,56.94987893104553,
max_cut,most_weight_neighbors_320c,most_weight_neighbors_d31b,evolved,most_weight_neighbors_d31b,g1.mc,11443.0,1.55712319339298,78.23225212097168,
max_cut,most_weight_neighbors_320c,most_weight_neighbors_d31b,evolved,most_weight_neighbors_d31b,g2.mc,11420.0,1.7211703958691909,77.12813782691956,
max_cut,most_weight_neighbors_320c,most_weight_neighbors_d31b,evolved,most_weight_neighbors_d31b,g3.mc,11421.0,1.7294785751161592,78.1189501285553,
max_cut,most_weight_neighbors_320c,most_weight_neighbors_d31b,evolved,most_weight_neighbors_d31b,g4.mc,11384.0,2.2496994676283704,79.53095293045044,
max_cut,most_weight_neighbors_320c,most_weight_neighbors_d31b,evolved,most_weight_neighbors_d31b,g5.mc,11420.0,1.8141174447596937,78.91922903060913,
max_cut,most_weight_neighbors_320c,most_weight_neighbors_d31b,evolved,most_weight_neighbors_d31b,g6.mc,1927.0,11.524334251606978,78.38784313201904,
max_cut,most_weight_neighbors_320c,most_weight_neighbors_d31b,evolved,most_weight_neighbors_d31b,g7.mc,1806.0,9.970089730807578,79.14725589752197,
max_cut,most_weight_neighbors_320c,most_weight_neighbors_d31b,evolved,most_weight_neighbors_d31b,g8.mc,1802.0,10.16949152542373,78.72312998771667,
max_cut,most_weight_neighbors_320c,most_weight_neighbors_d31b,evolved,most_weight_neighbors_d31b,g9.mc,1859.0,9.49367088607595,79.86379528045654,
max_cut,most_weight_neighbors_320c,most_weight_neighbors_d31b,evolved,most_weight_neighbors_d31b,g10.mc,1714.0,14.299999999999999,79.62664866447449,
max_cut,highest_weight_edge_eb0c,highest_weight_edge_ca02,seed,highest_weight_edge_eb0c,g1.mc,10495.0,9.712663454920852,45.795867681503296,
max_cut,highest_weight_edge_eb0c,highest_weight_edge_ca02,seed,highest_weight_edge_eb0c,g2.mc,10418.0,10.344234079173837,45.304526567459106,
max_cut,highest_weight_edge_eb0c,highest_weight_edge_ca02,seed,highest_weight_edge_eb0c,g3.mc,10523.0,9.456203751505765,44.81135010719299,
max_cut,highest_weight_edge_eb0c,highest_weight_edge_ca02,seed,highest_weight_edge_eb0c,g4.mc,10554.0,9.376609994848016,45.300434827804565,
max_cut,highest_weight_edge_eb0c,highest_weight_edge_ca02,seed,highest_weight_edge_eb0c,g5.mc,10360.0,10.927693233599863,45.96709489822388,
max_cut,highest_weight_edge_eb0c,highest_weight_edge_ca02,seed,highest_weight_edge_eb0c,g6.mc,979.0,55.05050505050505,45.23809289932251,
max_cut,highest_weight_edge_eb0c,highest_weight_edge_ca02,seed,highest_weight_edge_eb0c,g7.mc,908.0,54.735792622133594,45.57210063934326,
max_cut,highest_weight_edge_eb0c,highest_weight_edge_ca02,seed,highest_weight_edge_eb0c,g8.mc,824.0,58.923230309072785,45.86187529563904,
max_cut,highest_weight_edge_eb0c,highest_weight_edge_ca02,seed,highest_weight_edge_eb0c,g9.mc,878.0,57.254138266796495,45.15752863883972,
max_cut,highest_weight_edge_eb0c,highest_weight_edge_ca02,seed,highest_weight_edge_eb0c,g10.mc,806.0,59.699999999999996,45.22438907623291,
max_cut,highest_weight_edge_eb0c,highest_weight_edge_ca02,evolved,highest_weight_edge_ca02,g1.mc,11404.0,1.8926359256710255,100.3794686794281,
max_cut,highest_weight_edge_eb0c,highest_weight_edge_ca02,evolved,highest_weight_edge_ca02,g2.mc,11437.0,1.5748709122203097,98.9201831817627,
max_cut,highest_weight_edge_eb0c,highest_weight_edge_ca02,evolved,highest_weight_edge_ca02,g3.mc,11396.0,1.9445878506281191,99.79830598831177,
max_cut,highest_weight_edge_eb0c,highest_weight_edge_ca02,evolved,highest_weight_edge_ca02,g4.mc,11426.0,1.8890606216726773,99.51908111572266,
max_cut,highest_weight_edge_eb0c,highest_weight_edge_ca02,evolved,highest_weight_edge_ca02,g5.mc,11401.0,1.9774739919181499,99.37193655967712,
max_cut,highest_weight_edge_eb0c,highest_weight_edge_ca02,evolved,highest_weight_edge_ca02,g6.mc,1979.0,9.13682277318641,100.06884622573853,
max_cut,highest_weight_edge_eb0c,highest_weight_edge_ca02,evolved,highest_weight_edge_ca02,g7.mc,1786.0,10.967098703888336,94.02862906455994,
max_cut,highest_weight_edge_eb0c,highest_weight_edge_ca02,evolved,highest_weight_edge_ca02,g8.mc,1763.0,12.113659022931206,84.88221788406372,
max_cut,highest_weight_edge_eb0c,highest_weight_edge_ca02,evolved,highest_weight_edge_ca02,g9.mc,1835.0,10.662122687439144,84.617684841156,
max_cut,highest_weight_edge_eb0c,highest_weight_edge_ca02,evolved,highest_weight_edge_ca02,g10.mc,1817.0,9.15,84.29552555084229,
max_cut,balanced_cut_21d5,balanced_cut_c0e6,seed,balanced_cut_21d5,g1.mc,9633.0,17.12835512732278,48.77491235733032,
max_cut,balanced_cut_21d5,balanced_cut_c0e6,seed,balanced_cut_21d5,g2.mc,9671.0,16.772805507745268,48.66162896156311,
max_cut,balanced_cut_21d5,balanced_cut_c0e6,seed,balanced_cut_21d5,g3.mc,9580.0,17.5701256238169,49.39441108703613,
max_cut,balanced_cut_21d5,balanced_cut_c0e6,seed,balanced_cut_21d5,g4.mc,9560.0,17.91172934913275,50.98353147506714,
max_cut,balanced_cut_21d5,balanced_cut_c0e6,seed,balanced_cut_21d5,g5.mc,9668.0,16.87731063537099,48.18148159980774,
max_cut,balanced_cut_21d5,balanced_cut_c0e6,seed,balanced_cut_21d5,g6.mc,-15.0,100.68870523415978,48.787660121917725,
max_cut,balanced_cut_21d5,balanced_cut_c0e6,seed,balanced_cut_21d5,g7.mc,-89.0,104.43668993020938,49.013487339019775,
max_cut,balanced_cut_21d5,balanced_cut_c0e6,seed,balanced_cut_21d5,g8.mc,-244.0,112.16350947158524,48.71549606323242,
max_cut,balanced_cut_21d5,balanced_cut_c0e6,seed,balanced_cut_21d5,g9.mc,64.0,96.88412852969816,49.207260608673096,
max_cut,balanced_cut_21d5,balanced_cut_c0e6,seed,balanced_cut_21d5,g10.mc,-74.0,103.69999999999999,48.92733073234558,
max_cut,balanced_cut_21d5,balanced_cut_c0e6,evolved,balanced_cut_c0e6,g1.mc,11443.0,1.55712319339298,69.88960981369019,
max_cut,balanced_cut_21d5,balanced_cut_c0e6,evolved,balanced_cut_c0e6,g2.mc,11420.0,1.7211703958691909,70.40389347076416,
max_cut,balanced_cut_21d5,balanced_cut_c0e6,evolved,balanced_cut_c0e6,g3.mc,11421.0,1.7294785751161592,69.06949615478516,
max_cut,balanced_cut_21d5,balanced_cut_c0e6,evolved,balanced_cut_c0e6,g4.mc,11384.0,2.2496994676283704,70.53985476493835,
max_cut,balanced_cut_21d5,balanced_cut_c0e6,evolved,balanced_cut_c0e6,g5.mc,11420.0,1.8141174447596937,70.03340864181519,
max_cut,balanced_cut_21d5,balanced_cut_c0e6,evolved,balanced_cut_c0e6,g6.mc,1927.0,11.524334251606978,69.1930799484253,
max_cut,balanced_cut_21d5,balanced_cut_c0e6,evolved,balanced_cut_c0e6,g7.mc,1806.0,9.970089730807578,70.08540177345276,
max_cut,balanced_cut_21d5,balanced_cut_c0e6,evolved,balanced_cut_c0e6,g8.mc,1802.0,10.16949152542373,68.87644410133362,
max_cut,balanced_cut_21d5,balanced_cut_c0e6,evolved,balanced_cut_c0e6,g9.mc,1859.0,9.49367088607595,68.96645736694336,
max_cut,balanced_cut_21d5,balanced_cut_c0e6,evolved,balanced_cut_c0e6,g10.mc,1714.0,14.299999999999999,69.15287399291992,
tsp,cheapest_insertion_605f,cheapest_insertion_7a30,seed,cheapest_insertion_605f,pr152.tsp,81990.0,11.275481121576505,0.5426900386810303,
tsp,farthest_insertion_b6d3,farthest_insertion_54db,seed,farthest_insertion_b6d3,pr152.tsp,78545.0,6.599983713797128,0.29929256439208984,
tsp,nearest_neighbor_f91d,nearest_neighbor_e8a4,seed,nearest_neighbor_f91d,pr152.tsp,85699.0,16.309274992535492,0.19907498359680176,
tsp,cheapest_insertion_605f,cheapest_insertion_7a30,evolved,cheapest_insertion_7a30,pr152.tsp,78448.0,6.468336907250075,0.6255199909210205,
tsp,farthest_insertion_b6d3,farthest_insertion_54db,evolved,farthest_insertion_54db,pr152.tsp,75456.0,2.4076436578811653,0.6714022159576416,
tsp,nearest_neighbor_f91d,nearest_neighbor_e8a4,evolved,nearest_neighbor_e8a4,pr152.tsp,76892.0,4.356559268206618,0.8464813232421875,
